<annotation>
	<folder>250</folder>
	<filename>cTDaR_t10007.jpg</filename>
	<path>/home/neo/Desktop/Table Structure Extraction/SET/250/cTDaR_t10007.jpg</path>
	<source>
		<database>Unknown</database>
	</source>
	<size>
		<width>794</width>
		<height>1123</height>
		<depth>1</depth>
	</size>
	<segmented>0</segmented>
	<object>
		<name>borderless</name>
		<pose>Unspecified</pose>
		<truncated>0</truncated>
		<difficult>0</difficult>
		<bndbox>
			<xmin>44</xmin>
			<ymin>100</ymin>
			<xmax>750</xmax>
			<ymax>222</ymax>
		</bndbox>
	</object>
	<object>
		<name>cell</name>
		<pose>Unspecified</pose>
		<truncated>0</truncated>
		<difficult>0</difficult>
		<bndbox>
			<xmin>47</xmin>
			<ymin>163</ymin>
			<xmax>179</xmax>
			<ymax>170</ymax>
		</bndbox>
	</object>
	<object>
		<name>cell</name>
		<pose>Unspecified</pose>
		<truncated>0</truncated>
		<difficult>0</difficult>
		<bndbox>
			<xmin>47</xmin>
			<ymin>173</ymin>
			<xmax>220</xmax>
			<ymax>180</ymax>
		</bndbox>
	</object>
	<object>
		<name>cell</name>
		<pose>Unspecified</pose>
		<truncated>0</truncated>
		<difficult>0</difficult>
		<bndbox>
			<xmin>47</xmin>
			<ymin>183</ymin>
			<xmax>174</xmax>
			<ymax>191</ymax>
		</bndbox>
	</object>
	<object>
		<name>cell</name>
		<pose>Unspecified</pose>
		<truncated>0</truncated>
		<difficult>0</difficult>
		<bndbox>
			<xmin>47</xmin>
			<ymin>193</ymin>
			<xmax>254</xmax>
			<ymax>200</ymax>
		</bndbox>
	</object>
	<object>
		<name>cell</name>
		<pose>Unspecified</pose>
		<truncated>0</truncated>
		<difficult>0</difficult>
		<bndbox>
			<xmin>46</xmin>
			<ymin>203</ymin>
			<xmax>155</xmax>
			<ymax>211</ymax>
		</bndbox>
	</object>
	<object>
		<name>cell</name>
		<pose>Unspecified</pose>
		<truncated>0</truncated>
		<difficult>0</difficult>
		<bndbox>
			<xmin>47</xmin>
			<ymin>213</ymin>
			<xmax>171</xmax>
			<ymax>221</ymax>
		</bndbox>
	</object>
	<object>
		<name>cell</name>
		<pose>Unspecified</pose>
		<truncated>0</truncated>
		<difficult>0</difficult>
		<bndbox>
			<xmin>460</xmin>
			<ymin>147</ymin>
			<xmax>490</xmax>
			<ymax>156</ymax>
		</bndbox>
	</object>
	<object>
		<name>cell</name>
		<pose>Unspecified</pose>
		<truncated>0</truncated>
		<difficult>0</difficult>
		<bndbox>
			<xmin>475</xmin>
			<ymin>163</ymin>
			<xmax>536</xmax>
			<ymax>171</ymax>
		</bndbox>
	</object>
	<object>
		<name>cell</name>
		<pose>Unspecified</pose>
		<truncated>0</truncated>
		<difficult>0</difficult>
		<bndbox>
			<xmin>475</xmin>
			<ymin>173</ymin>
			<xmax>535</xmax>
			<ymax>181</ymax>
		</bndbox>
	</object>
	<object>
		<name>cell</name>
		<pose>Unspecified</pose>
		<truncated>0</truncated>
		<difficult>0</difficult>
		<bndbox>
			<xmin>475</xmin>
			<ymin>183</ymin>
			<xmax>536</xmax>
			<ymax>190</ymax>
		</bndbox>
	</object>
	<object>
		<name>cell</name>
		<pose>Unspecified</pose>
		<truncated>0</truncated>
		<difficult>0</difficult>
		<bndbox>
			<xmin>475</xmin>
			<ymin>193</ymin>
			<xmax>536</xmax>
			<ymax>200</ymax>
		</bndbox>
	</object>
	<object>
		<name>cell</name>
		<pose>Unspecified</pose>
		<truncated>0</truncated>
		<difficult>0</difficult>
		<bndbox>
			<xmin>475</xmin>
			<ymin>203</ymin>
			<xmax>536</xmax>
			<ymax>211</ymax>
		</bndbox>
	</object>
	<object>
		<name>cell</name>
		<pose>Unspecified</pose>
		<truncated>0</truncated>
		<difficult>0</difficult>
		<bndbox>
			<xmin>475</xmin>
			<ymin>213</ymin>
			<xmax>536</xmax>
			<ymax>221</ymax>
		</bndbox>
	</object>
	<object>
		<name>cell</name>
		<pose>Unspecified</pose>
		<truncated>0</truncated>
		<difficult>0</difficult>
		<bndbox>
			<xmin>683</xmin>
			<ymin>133</ymin>
			<xmax>747</xmax>
			<ymax>141</ymax>
		</bndbox>
	</object>
	<object>
		<name>cell</name>
		<pose>Unspecified</pose>
		<truncated>0</truncated>
		<difficult>0</difficult>
		<bndbox>
			<xmin>617</xmin>
			<ymin>143</ymin>
			<xmax>673</xmax>
			<ymax>151</ymax>
		</bndbox>
	</object>
	<object>
		<name>cell</name>
		<pose>Unspecified</pose>
		<truncated>0</truncated>
		<difficult>0</difficult>
		<bndbox>
			<xmin>583</xmin>
			<ymin>153</ymin>
			<xmax>601</xmax>
			<ymax>160</ymax>
		</bndbox>
	</object>
	<object>
		<name>cell</name>
		<pose>Unspecified</pose>
		<truncated>0</truncated>
		<difficult>0</difficult>
		<bndbox>
			<xmin>689</xmin>
			<ymin>153</ymin>
			<xmax>707</xmax>
			<ymax>161</ymax>
		</bndbox>
	</object>
	<object>
		<name>cell</name>
		<pose>Unspecified</pose>
		<truncated>0</truncated>
		<difficult>0</difficult>
		<bndbox>
			<xmin>609</xmin>
			<ymin>163</ymin>
			<xmax>641</xmax>
			<ymax>171</ymax>
		</bndbox>
	</object>
	<object>
		<name>cell</name>
		<pose>Unspecified</pose>
		<truncated>0</truncated>
		<difficult>0</difficult>
		<bndbox>
			<xmin>609</xmin>
			<ymin>174</ymin>
			<xmax>640</xmax>
			<ymax>181</ymax>
		</bndbox>
	</object>
	<object>
		<name>cell</name>
		<pose>Unspecified</pose>
		<truncated>0</truncated>
		<difficult>0</difficult>
		<bndbox>
			<xmin>613</xmin>
			<ymin>184</ymin>
			<xmax>642</xmax>
			<ymax>191</ymax>
		</bndbox>
	</object>
	<object>
		<name>cell</name>
		<pose>Unspecified</pose>
		<truncated>0</truncated>
		<difficult>0</difficult>
		<bndbox>
			<xmin>610</xmin>
			<ymin>194</ymin>
			<xmax>642</xmax>
			<ymax>201</ymax>
		</bndbox>
	</object>
	<object>
		<name>cell</name>
		<pose>Unspecified</pose>
		<truncated>0</truncated>
		<difficult>0</difficult>
		<bndbox>
			<xmin>609</xmin>
			<ymin>203</ymin>
			<xmax>641</xmax>
			<ymax>212</ymax>
		</bndbox>
	</object>
	<object>
		<name>cell</name>
		<pose>Unspecified</pose>
		<truncated>0</truncated>
		<difficult>0</difficult>
		<bndbox>
			<xmin>610</xmin>
			<ymin>213</ymin>
			<xmax>641</xmax>
			<ymax>221</ymax>
		</bndbox>
	</object>
	<object>
		<name>cell</name>
		<pose>Unspecified</pose>
		<truncated>0</truncated>
		<difficult>0</difficult>
		<bndbox>
			<xmin>716</xmin>
			<ymin>164</ymin>
			<xmax>748</xmax>
			<ymax>172</ymax>
		</bndbox>
	</object>
	<object>
		<name>cell</name>
		<pose>Unspecified</pose>
		<truncated>0</truncated>
		<difficult>0</difficult>
		<bndbox>
			<xmin>716</xmin>
			<ymin>173</ymin>
			<xmax>748</xmax>
			<ymax>181</ymax>
		</bndbox>
	</object>
	<object>
		<name>cell</name>
		<pose>Unspecified</pose>
		<truncated>0</truncated>
		<difficult>0</difficult>
		<bndbox>
			<xmin>720</xmin>
			<ymin>184</ymin>
			<xmax>748</xmax>
			<ymax>192</ymax>
		</bndbox>
	</object>
	<object>
		<name>cell</name>
		<pose>Unspecified</pose>
		<truncated>0</truncated>
		<difficult>0</difficult>
		<bndbox>
			<xmin>716</xmin>
			<ymin>194</ymin>
			<xmax>748</xmax>
			<ymax>203</ymax>
		</bndbox>
	</object>
	<object>
		<name>cell</name>
		<pose>Unspecified</pose>
		<truncated>0</truncated>
		<difficult>0</difficult>
		<bndbox>
			<xmin>717</xmin>
			<ymin>204</ymin>
			<xmax>748</xmax>
			<ymax>212</ymax>
		</bndbox>
	</object>
	<object>
		<name>cell</name>
		<pose>Unspecified</pose>
		<truncated>0</truncated>
		<difficult>0</difficult>
		<bndbox>
			<xmin>717</xmin>
			<ymin>214</ymin>
			<xmax>748</xmax>
			<ymax>220</ymax>
		</bndbox>
	</object>
</annotation>
