<annotation>
	<folder>4_ksk</folder>
	<filename>cTDaR_t10469.jpg</filename>
	<path>E:\KSK ML\KSK PAPERS\TabXNet\4_ksk\cTDaR_t10469.jpg</path>
	<source>
		<database>Unknown</database>
	</source>
	<size>
		<width>794</width>
		<height>1123</height>
		<depth>1</depth>
	</size>
	<segmented>0</segmented>
	<object>
		<name>bordered</name>
		<pose>Unspecified</pose>
		<truncated>0</truncated>
		<difficult>0</difficult>
		<bndbox>
			<xmin>112</xmin>
			<ymin>94</ymin>
			<xmax>681</xmax>
			<ymax>264</ymax>
		</bndbox>
	</object>
	<object>
		<name>bordered</name>
		<pose>Unspecified</pose>
		<truncated>0</truncated>
		<difficult>0</difficult>
		<bndbox>
			<xmin>82</xmin>
			<ymin>331</ymin>
			<xmax>711</xmax>
			<ymax>641</ymax>
		</bndbox>
	</object>
</annotation>
