<annotation>
	<folder>gt_train</folder>
	<filename>cTDaR_t10280.jpg</filename>
	<path>E:\KSK ML\KSK PAPERS\TabXNet\scripts for table\ICDAR 2019\gt_train\cTDaR_t10280.jpg</path>
	<source>
		<database>Unknown</database>
	</source>
	<size>
		<width>794</width>
		<height>1123</height>
		<depth>1</depth>
	</size>
	<segmented>0</segmented>
	<object>
		<name>bordered</name>
		<pose>Unspecified</pose>
		<truncated>0</truncated>
		<difficult>0</difficult>
		<bndbox>
			<xmin>124</xmin>
			<ymin>562</ymin>
			<xmax>669</xmax>
			<ymax>858</ymax>
		</bndbox>
	</object>
</annotation>
