<annotation>
	<folder>Deva</folder>
	<filename>cTDaR_t10562.jpg</filename>
	<path>/media/devashish/Local Disk/Research/Projects/Table Project/Chunk/reinforcement/Deva/cTDaR_t10562.jpg</path>
	<source>
		<database>Unknown</database>
	</source>
	<size>
		<width>794</width>
		<height>1123</height>
		<depth>3</depth>
	</size>
	<segmented>0</segmented>
	<object>
		<name>borderless</name>
		<pose>Unspecified</pose>
		<truncated>0</truncated>
		<difficult>0</difficult>
		<bndbox>
			<xmin>79</xmin>
			<ymin>178</ymin>
			<xmax>728</xmax>
			<ymax>358</ymax>
		</bndbox>
	</object>
	<object>
		<name>cell</name>
		<pose>Unspecified</pose>
		<truncated>0</truncated>
		<difficult>0</difficult>
		<bndbox>
			<xmin>85</xmin>
			<ymin>250</ymin>
			<xmax>91</xmax>
			<ymax>259</ymax>
		</bndbox>
	</object>
	<object>
		<name>cell</name>
		<pose>Unspecified</pose>
		<truncated>0</truncated>
		<difficult>0</difficult>
		<bndbox>
			<xmin>85</xmin>
			<ymin>269</ymin>
			<xmax>91</xmax>
			<ymax>278</ymax>
		</bndbox>
	</object>
	<object>
		<name>cell</name>
		<pose>Unspecified</pose>
		<truncated>0</truncated>
		<difficult>0</difficult>
		<bndbox>
			<xmin>85</xmin>
			<ymin>288</ymin>
			<xmax>91</xmax>
			<ymax>297</ymax>
		</bndbox>
	</object>
	<object>
		<name>cell</name>
		<pose>Unspecified</pose>
		<truncated>0</truncated>
		<difficult>0</difficult>
		<bndbox>
			<xmin>85</xmin>
			<ymin>307</ymin>
			<xmax>91</xmax>
			<ymax>316</ymax>
		</bndbox>
	</object>
	<object>
		<name>cell</name>
		<pose>Unspecified</pose>
		<truncated>0</truncated>
		<difficult>0</difficult>
		<bndbox>
			<xmin>85</xmin>
			<ymin>325</ymin>
			<xmax>91</xmax>
			<ymax>334</ymax>
		</bndbox>
	</object>
	<object>
		<name>cell</name>
		<pose>Unspecified</pose>
		<truncated>0</truncated>
		<difficult>0</difficult>
		<bndbox>
			<xmin>85</xmin>
			<ymin>344</ymin>
			<xmax>91</xmax>
			<ymax>353</ymax>
		</bndbox>
	</object>
	<object>
		<name>cell</name>
		<pose>Unspecified</pose>
		<truncated>0</truncated>
		<difficult>0</difficult>
		<bndbox>
			<xmin>99</xmin>
			<ymin>251</ymin>
			<xmax>148</xmax>
			<ymax>261</ymax>
		</bndbox>
	</object>
	<object>
		<name>cell</name>
		<pose>Unspecified</pose>
		<truncated>0</truncated>
		<difficult>0</difficult>
		<bndbox>
			<xmin>98</xmin>
			<ymin>270</ymin>
			<xmax>165</xmax>
			<ymax>281</ymax>
		</bndbox>
	</object>
	<object>
		<name>cell</name>
		<pose>Unspecified</pose>
		<truncated>0</truncated>
		<difficult>0</difficult>
		<bndbox>
			<xmin>98</xmin>
			<ymin>288</ymin>
			<xmax>156</xmax>
			<ymax>297</ymax>
		</bndbox>
	</object>
	<object>
		<name>cell</name>
		<pose>Unspecified</pose>
		<truncated>0</truncated>
		<difficult>0</difficult>
		<bndbox>
			<xmin>98</xmin>
			<ymin>307</ymin>
			<xmax>124</xmax>
			<ymax>317</ymax>
		</bndbox>
	</object>
	<object>
		<name>cell</name>
		<pose>Unspecified</pose>
		<truncated>0</truncated>
		<difficult>0</difficult>
		<bndbox>
			<xmin>98</xmin>
			<ymin>326</ymin>
			<xmax>174</xmax>
			<ymax>335</ymax>
		</bndbox>
	</object>
	<object>
		<name>cell</name>
		<pose>Unspecified</pose>
		<truncated>0</truncated>
		<difficult>0</difficult>
		<bndbox>
			<xmin>99</xmin>
			<ymin>345</ymin>
			<xmax>161</xmax>
			<ymax>354</ymax>
		</bndbox>
	</object>
	<object>
		<name>cell</name>
		<pose>Unspecified</pose>
		<truncated>0</truncated>
		<difficult>0</difficult>
		<bndbox>
			<xmin>216</xmin>
			<ymin>251</ymin>
			<xmax>245</xmax>
			<ymax>259</ymax>
		</bndbox>
	</object>
	<object>
		<name>cell</name>
		<pose>Unspecified</pose>
		<truncated>0</truncated>
		<difficult>0</difficult>
		<bndbox>
			<xmin>209</xmin>
			<ymin>213</ymin>
			<xmax>215</xmax>
			<ymax>221</ymax>
		</bndbox>
	</object>
	<object>
		<name>cell</name>
		<pose>Unspecified</pose>
		<truncated>0</truncated>
		<difficult>0</difficult>
		<bndbox>
			<xmin>187</xmin>
			<ymin>189</ymin>
			<xmax>237</xmax>
			<ymax>199</ymax>
		</bndbox>
	</object>
	<object>
		<name>cell</name>
		<pose>Unspecified</pose>
		<truncated>0</truncated>
		<difficult>0</difficult>
		<bndbox>
			<xmin>215</xmin>
			<ymin>269</ymin>
			<xmax>245</xmax>
			<ymax>279</ymax>
		</bndbox>
	</object>
	<object>
		<name>cell</name>
		<pose>Unspecified</pose>
		<truncated>0</truncated>
		<difficult>0</difficult>
		<bndbox>
			<xmin>215</xmin>
			<ymin>288</ymin>
			<xmax>244</xmax>
			<ymax>297</ymax>
		</bndbox>
	</object>
	<object>
		<name>cell</name>
		<pose>Unspecified</pose>
		<truncated>0</truncated>
		<difficult>0</difficult>
		<bndbox>
			<xmin>214</xmin>
			<ymin>308</ymin>
			<xmax>245</xmax>
			<ymax>316</ymax>
		</bndbox>
	</object>
	<object>
		<name>cell</name>
		<pose>Unspecified</pose>
		<truncated>0</truncated>
		<difficult>0</difficult>
		<bndbox>
			<xmin>215</xmin>
			<ymin>326</ymin>
			<xmax>244</xmax>
			<ymax>335</ymax>
		</bndbox>
	</object>
	<object>
		<name>cell</name>
		<pose>Unspecified</pose>
		<truncated>0</truncated>
		<difficult>0</difficult>
		<bndbox>
			<xmin>215</xmin>
			<ymin>345</ymin>
			<xmax>244</xmax>
			<ymax>354</ymax>
		</bndbox>
	</object>
	<object>
		<name>cell</name>
		<pose>Unspecified</pose>
		<truncated>0</truncated>
		<difficult>0</difficult>
		<bndbox>
			<xmin>284</xmin>
			<ymin>250</ymin>
			<xmax>313</xmax>
			<ymax>260</ymax>
		</bndbox>
	</object>
	<object>
		<name>cell</name>
		<pose>Unspecified</pose>
		<truncated>0</truncated>
		<difficult>0</difficult>
		<bndbox>
			<xmin>284</xmin>
			<ymin>270</ymin>
			<xmax>314</xmax>
			<ymax>279</ymax>
		</bndbox>
	</object>
	<object>
		<name>cell</name>
		<pose>Unspecified</pose>
		<truncated>0</truncated>
		<difficult>0</difficult>
		<bndbox>
			<xmin>284</xmin>
			<ymin>289</ymin>
			<xmax>313</xmax>
			<ymax>297</ymax>
		</bndbox>
	</object>
	<object>
		<name>cell</name>
		<pose>Unspecified</pose>
		<truncated>0</truncated>
		<difficult>0</difficult>
		<bndbox>
			<xmin>284</xmin>
			<ymin>308</ymin>
			<xmax>314</xmax>
			<ymax>316</ymax>
		</bndbox>
	</object>
	<object>
		<name>cell</name>
		<pose>Unspecified</pose>
		<truncated>0</truncated>
		<difficult>0</difficult>
		<bndbox>
			<xmin>284</xmin>
			<ymin>326</ymin>
			<xmax>312</xmax>
			<ymax>335</ymax>
		</bndbox>
	</object>
	<object>
		<name>cell</name>
		<pose>Unspecified</pose>
		<truncated>0</truncated>
		<difficult>0</difficult>
		<bndbox>
			<xmin>284</xmin>
			<ymin>345</ymin>
			<xmax>313</xmax>
			<ymax>354</ymax>
		</bndbox>
	</object>
	<object>
		<name>cell</name>
		<pose>Unspecified</pose>
		<truncated>0</truncated>
		<difficult>0</difficult>
		<bndbox>
			<xmin>352</xmin>
			<ymin>250</ymin>
			<xmax>382</xmax>
			<ymax>260</ymax>
		</bndbox>
	</object>
	<object>
		<name>cell</name>
		<pose>Unspecified</pose>
		<truncated>0</truncated>
		<difficult>0</difficult>
		<bndbox>
			<xmin>352</xmin>
			<ymin>270</ymin>
			<xmax>382</xmax>
			<ymax>279</ymax>
		</bndbox>
	</object>
	<object>
		<name>cell</name>
		<pose>Unspecified</pose>
		<truncated>0</truncated>
		<difficult>0</difficult>
		<bndbox>
			<xmin>352</xmin>
			<ymin>288</ymin>
			<xmax>383</xmax>
			<ymax>297</ymax>
		</bndbox>
	</object>
	<object>
		<name>cell</name>
		<pose>Unspecified</pose>
		<truncated>0</truncated>
		<difficult>0</difficult>
		<bndbox>
			<xmin>353</xmin>
			<ymin>308</ymin>
			<xmax>383</xmax>
			<ymax>316</ymax>
		</bndbox>
	</object>
	<object>
		<name>cell</name>
		<pose>Unspecified</pose>
		<truncated>0</truncated>
		<difficult>0</difficult>
		<bndbox>
			<xmin>352</xmin>
			<ymin>326</ymin>
			<xmax>383</xmax>
			<ymax>335</ymax>
		</bndbox>
	</object>
	<object>
		<name>cell</name>
		<pose>Unspecified</pose>
		<truncated>0</truncated>
		<difficult>0</difficult>
		<bndbox>
			<xmin>352</xmin>
			<ymin>345</ymin>
			<xmax>383</xmax>
			<ymax>354</ymax>
		</bndbox>
	</object>
	<object>
		<name>cell</name>
		<pose>Unspecified</pose>
		<truncated>0</truncated>
		<difficult>0</difficult>
		<bndbox>
			<xmin>299</xmin>
			<ymin>231</ymin>
			<xmax>399</xmax>
			<ymax>242</ymax>
		</bndbox>
	</object>
	<object>
		<name>cell</name>
		<pose>Unspecified</pose>
		<truncated>0</truncated>
		<difficult>0</difficult>
		<bndbox>
			<xmin>421</xmin>
			<ymin>251</ymin>
			<xmax>450</xmax>
			<ymax>260</ymax>
		</bndbox>
	</object>
	<object>
		<name>cell</name>
		<pose>Unspecified</pose>
		<truncated>0</truncated>
		<difficult>0</difficult>
		<bndbox>
			<xmin>421</xmin>
			<ymin>270</ymin>
			<xmax>451</xmax>
			<ymax>279</ymax>
		</bndbox>
	</object>
	<object>
		<name>cell</name>
		<pose>Unspecified</pose>
		<truncated>0</truncated>
		<difficult>0</difficult>
		<bndbox>
			<xmin>422</xmin>
			<ymin>288</ymin>
			<xmax>450</xmax>
			<ymax>298</ymax>
		</bndbox>
	</object>
	<object>
		<name>cell</name>
		<pose>Unspecified</pose>
		<truncated>0</truncated>
		<difficult>0</difficult>
		<bndbox>
			<xmin>422</xmin>
			<ymin>307</ymin>
			<xmax>451</xmax>
			<ymax>316</ymax>
		</bndbox>
	</object>
	<object>
		<name>cell</name>
		<pose>Unspecified</pose>
		<truncated>0</truncated>
		<difficult>0</difficult>
		<bndbox>
			<xmin>421</xmin>
			<ymin>326</ymin>
			<xmax>451</xmax>
			<ymax>335</ymax>
		</bndbox>
	</object>
	<object>
		<name>cell</name>
		<pose>Unspecified</pose>
		<truncated>0</truncated>
		<difficult>0</difficult>
		<bndbox>
			<xmin>420</xmin>
			<ymin>345</ymin>
			<xmax>450</xmax>
			<ymax>354</ymax>
		</bndbox>
	</object>
	<object>
		<name>cell</name>
		<pose>Unspecified</pose>
		<truncated>0</truncated>
		<difficult>0</difficult>
		<bndbox>
			<xmin>490</xmin>
			<ymin>251</ymin>
			<xmax>520</xmax>
			<ymax>260</ymax>
		</bndbox>
	</object>
	<object>
		<name>cell</name>
		<pose>Unspecified</pose>
		<truncated>0</truncated>
		<difficult>0</difficult>
		<bndbox>
			<xmin>490</xmin>
			<ymin>270</ymin>
			<xmax>520</xmax>
			<ymax>279</ymax>
		</bndbox>
	</object>
	<object>
		<name>cell</name>
		<pose>Unspecified</pose>
		<truncated>0</truncated>
		<difficult>0</difficult>
		<bndbox>
			<xmin>490</xmin>
			<ymin>289</ymin>
			<xmax>520</xmax>
			<ymax>297</ymax>
		</bndbox>
	</object>
	<object>
		<name>cell</name>
		<pose>Unspecified</pose>
		<truncated>0</truncated>
		<difficult>0</difficult>
		<bndbox>
			<xmin>490</xmin>
			<ymin>308</ymin>
			<xmax>520</xmax>
			<ymax>316</ymax>
		</bndbox>
	</object>
	<object>
		<name>cell</name>
		<pose>Unspecified</pose>
		<truncated>0</truncated>
		<difficult>0</difficult>
		<bndbox>
			<xmin>491</xmin>
			<ymin>326</ymin>
			<xmax>519</xmax>
			<ymax>334</ymax>
		</bndbox>
	</object>
	<object>
		<name>cell</name>
		<pose>Unspecified</pose>
		<truncated>0</truncated>
		<difficult>0</difficult>
		<bndbox>
			<xmin>491</xmin>
			<ymin>346</ymin>
			<xmax>519</xmax>
			<ymax>354</ymax>
		</bndbox>
	</object>
	<object>
		<name>cell</name>
		<pose>Unspecified</pose>
		<truncated>0</truncated>
		<difficult>0</difficult>
		<bndbox>
			<xmin>559</xmin>
			<ymin>252</ymin>
			<xmax>589</xmax>
			<ymax>259</ymax>
		</bndbox>
	</object>
	<object>
		<name>cell</name>
		<pose>Unspecified</pose>
		<truncated>0</truncated>
		<difficult>0</difficult>
		<bndbox>
			<xmin>559</xmin>
			<ymin>270</ymin>
			<xmax>588</xmax>
			<ymax>278</ymax>
		</bndbox>
	</object>
	<object>
		<name>cell</name>
		<pose>Unspecified</pose>
		<truncated>0</truncated>
		<difficult>0</difficult>
		<bndbox>
			<xmin>559</xmin>
			<ymin>289</ymin>
			<xmax>588</xmax>
			<ymax>297</ymax>
		</bndbox>
	</object>
	<object>
		<name>cell</name>
		<pose>Unspecified</pose>
		<truncated>0</truncated>
		<difficult>0</difficult>
		<bndbox>
			<xmin>559</xmin>
			<ymin>308</ymin>
			<xmax>587</xmax>
			<ymax>316</ymax>
		</bndbox>
	</object>
	<object>
		<name>cell</name>
		<pose>Unspecified</pose>
		<truncated>0</truncated>
		<difficult>0</difficult>
		<bndbox>
			<xmin>560</xmin>
			<ymin>327</ymin>
			<xmax>589</xmax>
			<ymax>335</ymax>
		</bndbox>
	</object>
	<object>
		<name>cell</name>
		<pose>Unspecified</pose>
		<truncated>0</truncated>
		<difficult>0</difficult>
		<bndbox>
			<xmin>560</xmin>
			<ymin>346</ymin>
			<xmax>588</xmax>
			<ymax>354</ymax>
		</bndbox>
	</object>
	<object>
		<name>cell</name>
		<pose>Unspecified</pose>
		<truncated>0</truncated>
		<difficult>0</difficult>
		<bndbox>
			<xmin>628</xmin>
			<ymin>251</ymin>
			<xmax>657</xmax>
			<ymax>260</ymax>
		</bndbox>
	</object>
	<object>
		<name>cell</name>
		<pose>Unspecified</pose>
		<truncated>0</truncated>
		<difficult>0</difficult>
		<bndbox>
			<xmin>622</xmin>
			<ymin>270</ymin>
			<xmax>657</xmax>
			<ymax>279</ymax>
		</bndbox>
	</object>
	<object>
		<name>cell</name>
		<pose>Unspecified</pose>
		<truncated>0</truncated>
		<difficult>0</difficult>
		<bndbox>
			<xmin>624</xmin>
			<ymin>288</ymin>
			<xmax>657</xmax>
			<ymax>297</ymax>
		</bndbox>
	</object>
	<object>
		<name>cell</name>
		<pose>Unspecified</pose>
		<truncated>0</truncated>
		<difficult>0</difficult>
		<bndbox>
			<xmin>623</xmin>
			<ymin>307</ymin>
			<xmax>657</xmax>
			<ymax>317</ymax>
		</bndbox>
	</object>
	<object>
		<name>cell</name>
		<pose>Unspecified</pose>
		<truncated>0</truncated>
		<difficult>0</difficult>
		<bndbox>
			<xmin>623</xmin>
			<ymin>326</ymin>
			<xmax>658</xmax>
			<ymax>335</ymax>
		</bndbox>
	</object>
	<object>
		<name>cell</name>
		<pose>Unspecified</pose>
		<truncated>0</truncated>
		<difficult>0</difficult>
		<bndbox>
			<xmin>622</xmin>
			<ymin>345</ymin>
			<xmax>658</xmax>
			<ymax>354</ymax>
		</bndbox>
	</object>
	<object>
		<name>cell</name>
		<pose>Unspecified</pose>
		<truncated>0</truncated>
		<difficult>0</difficult>
		<bndbox>
			<xmin>622</xmin>
			<ymin>234</ymin>
			<xmax>628</xmax>
			<ymax>242</ymax>
		</bndbox>
	</object>
	<object>
		<name>cell</name>
		<pose>Unspecified</pose>
		<truncated>0</truncated>
		<difficult>0</difficult>
		<bndbox>
			<xmin>691</xmin>
			<ymin>233</ymin>
			<xmax>697</xmax>
			<ymax>241</ymax>
		</bndbox>
	</object>
	<object>
		<name>cell</name>
		<pose>Unspecified</pose>
		<truncated>0</truncated>
		<difficult>0</difficult>
		<bndbox>
			<xmin>696</xmin>
			<ymin>251</ymin>
			<xmax>726</xmax>
			<ymax>260</ymax>
		</bndbox>
	</object>
	<object>
		<name>cell</name>
		<pose>Unspecified</pose>
		<truncated>0</truncated>
		<difficult>0</difficult>
		<bndbox>
			<xmin>685</xmin>
			<ymin>270</ymin>
			<xmax>726</xmax>
			<ymax>278</ymax>
		</bndbox>
	</object>
	<object>
		<name>cell</name>
		<pose>Unspecified</pose>
		<truncated>0</truncated>
		<difficult>0</difficult>
		<bndbox>
			<xmin>691</xmin>
			<ymin>289</ymin>
			<xmax>726</xmax>
			<ymax>297</ymax>
		</bndbox>
	</object>
	<object>
		<name>cell</name>
		<pose>Unspecified</pose>
		<truncated>0</truncated>
		<difficult>0</difficult>
		<bndbox>
			<xmin>692</xmin>
			<ymin>308</ymin>
			<xmax>726</xmax>
			<ymax>316</ymax>
		</bndbox>
	</object>
	<object>
		<name>cell</name>
		<pose>Unspecified</pose>
		<truncated>0</truncated>
		<difficult>0</difficult>
		<bndbox>
			<xmin>692</xmin>
			<ymin>326</ymin>
			<xmax>726</xmax>
			<ymax>334</ymax>
		</bndbox>
	</object>
	<object>
		<name>cell</name>
		<pose>Unspecified</pose>
		<truncated>0</truncated>
		<difficult>0</difficult>
		<bndbox>
			<xmin>691</xmin>
			<ymin>346</ymin>
			<xmax>726</xmax>
			<ymax>354</ymax>
		</bndbox>
	</object>
	<object>
		<name>cell</name>
		<pose>Unspecified</pose>
		<truncated>0</truncated>
		<difficult>0</difficult>
		<bndbox>
			<xmin>691</xmin>
			<ymin>214</ymin>
			<xmax>696</xmax>
			<ymax>221</ymax>
		</bndbox>
	</object>
	<object>
		<name>cell</name>
		<pose>Unspecified</pose>
		<truncated>0</truncated>
		<difficult>0</difficult>
		<bndbox>
			<xmin>678</xmin>
			<ymin>190</ymin>
			<xmax>710</xmax>
			<ymax>199</ymax>
		</bndbox>
	</object>
	<object>
		<name>cell</name>
		<pose>Unspecified</pose>
		<truncated>0</truncated>
		<difficult>0</difficult>
		<bndbox>
			<xmin>595</xmin>
			<ymin>189</ymin>
			<xmax>656</xmax>
			<ymax>199</ymax>
		</bndbox>
	</object>
	<object>
		<name>cell</name>
		<pose>Unspecified</pose>
		<truncated>0</truncated>
		<difficult>0</difficult>
		<bndbox>
			<xmin>622</xmin>
			<ymin>213</ymin>
			<xmax>628</xmax>
			<ymax>221</ymax>
		</bndbox>
	</object>
	<object>
		<name>cell</name>
		<pose>Unspecified</pose>
		<truncated>0</truncated>
		<difficult>0</difficult>
		<bndbox>
			<xmin>554</xmin>
			<ymin>214</ymin>
			<xmax>560</xmax>
			<ymax>221</ymax>
		</bndbox>
	</object>
	<object>
		<name>cell</name>
		<pose>Unspecified</pose>
		<truncated>0</truncated>
		<difficult>0</difficult>
		<bndbox>
			<xmin>539</xmin>
			<ymin>183</ymin>
			<xmax>574</xmax>
			<ymax>205</ymax>
		</bndbox>
	</object>
	<object>
		<name>cell</name>
		<pose>Unspecified</pose>
		<truncated>0</truncated>
		<difficult>0</difficult>
		<bndbox>
			<xmin>468</xmin>
			<ymin>183</ymin>
			<xmax>506</xmax>
			<ymax>205</ymax>
		</bndbox>
	</object>
	<object>
		<name>cell</name>
		<pose>Unspecified</pose>
		<truncated>0</truncated>
		<difficult>0</difficult>
		<bndbox>
			<xmin>485</xmin>
			<ymin>213</ymin>
			<xmax>490</xmax>
			<ymax>221</ymax>
		</bndbox>
	</object>
	<object>
		<name>cell</name>
		<pose>Unspecified</pose>
		<truncated>0</truncated>
		<difficult>0</difficult>
		<bndbox>
			<xmin>254</xmin>
			<ymin>182</ymin>
			<xmax>309</xmax>
			<ymax>206</ymax>
		</bndbox>
	</object>
	<object>
		<name>cell</name>
		<pose>Unspecified</pose>
		<truncated>0</truncated>
		<difficult>0</difficult>
		<bndbox>
			<xmin>321</xmin>
			<ymin>189</ymin>
			<xmax>379</xmax>
			<ymax>198</ymax>
		</bndbox>
	</object>
	<object>
		<name>cell</name>
		<pose>Unspecified</pose>
		<truncated>0</truncated>
		<difficult>0</difficult>
		<bndbox>
			<xmin>406</xmin>
			<ymin>189</ymin>
			<xmax>431</xmax>
			<ymax>199</ymax>
		</bndbox>
	</object>
	<object>
		<name>cell</name>
		<pose>Unspecified</pose>
		<truncated>0</truncated>
		<difficult>0</difficult>
		<bndbox>
			<xmin>415</xmin>
			<ymin>213</ymin>
			<xmax>422</xmax>
			<ymax>222</ymax>
		</bndbox>
	</object>
	<object>
		<name>cell</name>
		<pose>Unspecified</pose>
		<truncated>0</truncated>
		<difficult>0</difficult>
		<bndbox>
			<xmin>347</xmin>
			<ymin>213</ymin>
			<xmax>353</xmax>
			<ymax>222</ymax>
		</bndbox>
	</object>
	<object>
		<name>cell</name>
		<pose>Unspecified</pose>
		<truncated>0</truncated>
		<difficult>0</difficult>
		<bndbox>
			<xmin>278</xmin>
			<ymin>213</ymin>
			<xmax>283</xmax>
			<ymax>221</ymax>
		</bndbox>
	</object>
</annotation>
