<annotation>
	<folder>Chunk]</folder>
	<filename>cTDaR_t10464.jpg</filename>
	<path>D:\Egien Elites\TableNet\Dataset\ICDAR2019_cTDaR\Chunk]\cTDaR_t10464.jpg</path>
	<source>
		<database>Unknown</database>
	</source>
	<size>
		<width>1123</width>
		<height>794</height>
		<depth>1</depth>
	</size>
	<segmented>0</segmented>
	<object>
		<name>bordered</name>
		<pose>Unspecified</pose>
		<truncated>0</truncated>
		<difficult>0</difficult>
		<bndbox>
			<xmin>37</xmin>
			<ymin>303</ymin>
			<xmax>1053</xmax>
			<ymax>574</ymax>
		</bndbox>
	</object>
</annotation>
