<annotation>
	<folder>Deva</folder>
	<filename>cTDaR_t10429.jpg</filename>
	<path>/media/devashish/Local Disk/Research/Projects/Table Project/Chunk/Deva/cTDaR_t10429.jpg</path>
	<source>
		<database>Unknown</database>
	</source>
	<size>
		<width>794</width>
		<height>1123</height>
		<depth>1</depth>
	</size>
	<segmented>0</segmented>
	<object>
		<name>bordered</name>
		<pose>Unspecified</pose>
		<truncated>0</truncated>
		<difficult>0</difficult>
		<bndbox>
			<xmin>41</xmin>
			<ymin>166</ymin>
			<xmax>751</xmax>
			<ymax>431</ymax>
		</bndbox>
	</object>
	<object>
		<name>bordered</name>
		<pose>Unspecified</pose>
		<truncated>0</truncated>
		<difficult>0</difficult>
		<bndbox>
			<xmin>54</xmin>
			<ymin>807</ymin>
			<xmax>739</xmax>
			<ymax>1021</ymax>
		</bndbox>
	</object>
</annotation>
